-- MySQL dump 10.13  Distrib 8.0.25, for macos10.14 (x86_64)
--
-- Host: localhost    Database: storage
-- ------------------------------------------------------
-- Server version	8.0.22

/*!40101 SET @OLD_CHARACTER_SET_CLIENT=@@CHARACTER_SET_CLIENT */;
/*!40101 SET @OLD_CHARACTER_SET_RESULTS=@@CHARACTER_SET_RESULTS */;
/*!40101 SET @OLD_COLLATION_CONNECTION=@@COLLATION_CONNECTION */;
/*!50503 SET NAMES utf8mb4 */;
/*!40103 SET @OLD_TIME_ZONE=@@TIME_ZONE */;
/*!40103 SET TIME_ZONE='+00:00' */;
/*!40014 SET @OLD_UNIQUE_CHECKS=@@UNIQUE_CHECKS, UNIQUE_CHECKS=0 */;
/*!40014 SET @OLD_FOREIGN_KEY_CHECKS=@@FOREIGN_KEY_CHECKS, FOREIGN_KEY_CHECKS=0 */;
/*!40101 SET @OLD_SQL_MODE=@@SQL_MODE, SQL_MODE='NO_AUTO_VALUE_ON_ZERO' */;
/*!40111 SET @OLD_SQL_NOTES=@@SQL_NOTES, SQL_NOTES=0 */;

--
-- Table structure for table `customer`
--

DROP SCHEMA IF EXISTS storage;
CREATE SCHEMA storage;
USE storage;

DROP TABLE IF EXISTS `customer`;
/*!40101 SET @saved_cs_client     = @@character_set_client */;
/*!50503 SET character_set_client = utf8mb4 */;
CREATE TABLE `customer` (
  `id` int NOT NULL AUTO_INCREMENT,
  `name` varchar(45) NOT NULL,
  `address` varchar(45) NOT NULL,
  `phone` varchar(45) NOT NULL,
  `hidden` int NOT NULL DEFAULT '0',
  PRIMARY KEY (`id`)
) ENGINE=InnoDB AUTO_INCREMENT=7 DEFAULT CHARSET=utf8mb4 COLLATE=utf8mb4_0900_ai_ci;
/*!40101 SET character_set_client = @saved_cs_client */;

--
-- Dumping data for table `customer`
--

LOCK TABLES `customer` WRITE;
/*!40000 ALTER TABLE `customer` DISABLE KEYS */;
INSERT INTO `customer` VALUES (3,'АО \"СЭПО\"','Г. Саратов, ул. Большая Садовая, д. 10','88002000122',1),(4,'test','test','test',0),(5,'ddd','13123','23',0),(6,'abab','abab','999',0);
/*!40000 ALTER TABLE `customer` ENABLE KEYS */;
UNLOCK TABLES;

--
-- Table structure for table `product`
--

DROP TABLE IF EXISTS `product`;
/*!40101 SET @saved_cs_client     = @@character_set_client */;
/*!50503 SET character_set_client = utf8mb4 */;
CREATE TABLE `product` (
  `id` int NOT NULL AUTO_INCREMENT,
  `supplier` int NOT NULL,
  `name` varchar(45) NOT NULL,
  `unit` int NOT NULL,
  `amount` float NOT NULL DEFAULT '0',
  `buy_price` int NOT NULL,
  `sell_price` int NOT NULL,
  `hidden` int NOT NULL DEFAULT '0',
  PRIMARY KEY (`id`),
  KEY `1_idx` (`supplier`),
  KEY `u_idx` (`unit`),
  CONSTRAINT `pp` FOREIGN KEY (`supplier`) REFERENCES `supplier` (`id`),
  CONSTRAINT `u` FOREIGN KEY (`unit`) REFERENCES `unit` (`id`)
) ENGINE=InnoDB AUTO_INCREMENT=8 DEFAULT CHARSET=utf8mb4 COLLATE=utf8mb4_0900_ai_ci;
/*!40101 SET character_set_client = @saved_cs_client */;

--
-- Dumping data for table `product`
--

LOCK TABLES `product` WRITE;
/*!40000 ALTER TABLE `product` DISABLE KEYS */;
INSERT INTO `product` VALUES (1,2,'Вода ',2,0,10,25,0),(2,3,'123',1,0,123,123,0),(3,4,'testt',1,0,1,2,0),(4,5,'hell',2,2,1,2,0),(5,5,'ddd',1,100,123,321,0),(6,10,'ddd',2,11,10,20,1),(7,11,'adada',3,70,10,22,0);
/*!40000 ALTER TABLE `product` ENABLE KEYS */;
UNLOCK TABLES;

--
-- Table structure for table `sale`
--

DROP TABLE IF EXISTS `sale`;
/*!40101 SET @saved_cs_client     = @@character_set_client */;
/*!50503 SET character_set_client = utf8mb4 */;
CREATE TABLE `sale` (
  `id` int NOT NULL AUTO_INCREMENT,
  `customer` int NOT NULL,
  `product` int NOT NULL,
  `amount` float NOT NULL,
  `date` datetime NOT NULL,
  PRIMARY KEY (`id`),
  KEY `c_idx` (`customer`),
  KEY `pr_idx` (`product`),
  CONSTRAINT `c` FOREIGN KEY (`customer`) REFERENCES `customer` (`id`),
  CONSTRAINT `pr` FOREIGN KEY (`product`) REFERENCES `product` (`id`)
) ENGINE=InnoDB AUTO_INCREMENT=23 DEFAULT CHARSET=utf8mb4 COLLATE=utf8mb4_0900_ai_ci;
/*!40101 SET character_set_client = @saved_cs_client */;

--
-- Dumping data for table `sale`
--

LOCK TABLES `sale` WRITE;
/*!40000 ALTER TABLE `sale` DISABLE KEYS */;
INSERT INTO `sale` VALUES (14,4,3,2,'2021-11-11 11:11:00'),(15,4,2,6.1,'2021-12-11 11:11:00'),(16,4,4,3,'2021-11-11 11:11:00'),(20,5,4,1,'2022-02-02 22:22:00'),(22,6,7,30,'2022-02-02 02:22:00');
/*!40000 ALTER TABLE `sale` ENABLE KEYS */;
UNLOCK TABLES;

--
-- Table structure for table `supplier`
--

DROP TABLE IF EXISTS `supplier`;
/*!40101 SET @saved_cs_client     = @@character_set_client */;
/*!50503 SET character_set_client = utf8mb4 */;
CREATE TABLE `supplier` (
  `id` int NOT NULL AUTO_INCREMENT,
  `name` varchar(45) NOT NULL,
  `address` varchar(135) NOT NULL,
  `phone` varchar(45) NOT NULL,
  `hidden` int NOT NULL DEFAULT '0',
  PRIMARY KEY (`id`)
) ENGINE=InnoDB AUTO_INCREMENT=12 DEFAULT CHARSET=utf8mb4 COLLATE=utf8mb4_0900_ai_ci;
/*!40101 SET character_set_client = @saved_cs_client */;

--
-- Dumping data for table `supplier`
--

LOCK TABLES `supplier` WRITE;
/*!40000 ALTER TABLE `supplier` DISABLE KEYS */;
INSERT INTO `supplier` VALUES (3,'123','123','123',1),(4,'test','test','9999',1),(5,'hello','hello','hello',0),(9,'123','1232','123',1),(10,'322','dsd','213',1),(11,'123','dd','333',1);
/*!40000 ALTER TABLE `supplier` ENABLE KEYS */;
UNLOCK TABLES;

--
-- Table structure for table `unit`
--

DROP TABLE IF EXISTS `unit`;
/*!40101 SET @saved_cs_client     = @@character_set_client */;
/*!50503 SET character_set_client = utf8mb4 */;
CREATE TABLE `unit` (
  `id` int NOT NULL AUTO_INCREMENT,
  `name` varchar(45) NOT NULL,
  PRIMARY KEY (`id`),
  KEY `p` (`id`)
) ENGINE=InnoDB AUTO_INCREMENT=4 DEFAULT CHARSET=utf8mb4 COLLATE=utf8mb4_0900_ai_ci;
/*!40101 SET character_set_client = @saved_cs_client */;

--
-- Dumping data for table `unit`
--

LOCK TABLES `unit` WRITE;
/*!40000 ALTER TABLE `unit` DISABLE KEYS */;
INSERT INTO `unit` VALUES (1,'шт'),(2,'л'),(3,'кг');
/*!40000 ALTER TABLE `unit` ENABLE KEYS */;
UNLOCK TABLES;

--
-- Table structure for table `user`
--

DROP TABLE IF EXISTS `user`;
/*!40101 SET @saved_cs_client     = @@character_set_client */;
/*!50503 SET character_set_client = utf8mb4 */;
CREATE TABLE `user` (
  `id` int NOT NULL AUTO_INCREMENT,
  `username` varchar(45) NOT NULL,
  `password` varchar(45) NOT NULL,
  `fio` varchar(135) NOT NULL,
  `role` int NOT NULL DEFAULT '0',
  PRIMARY KEY (`id`)
) ENGINE=InnoDB AUTO_INCREMENT=3 DEFAULT CHARSET=utf8mb4 COLLATE=utf8mb4_0900_ai_ci;
/*!40101 SET character_set_client = @saved_cs_client */;

--
-- Dumping data for table `user`
--

LOCK TABLES `user` WRITE;
/*!40000 ALTER TABLE `user` DISABLE KEYS */;
INSERT INTO `user` VALUES (1,'root','63a9f0ea7bb98050796b649e85481845','root',2),(2,'user1','24c9e15e52afc47c225b757e7bee1f9d','user1',1);
/*!40000 ALTER TABLE `user` ENABLE KEYS */;
UNLOCK TABLES;
/*!40103 SET TIME_ZONE=@OLD_TIME_ZONE */;

/*!40101 SET SQL_MODE=@OLD_SQL_MODE */;
/*!40014 SET FOREIGN_KEY_CHECKS=@OLD_FOREIGN_KEY_CHECKS */;
/*!40014 SET UNIQUE_CHECKS=@OLD_UNIQUE_CHECKS */;
/*!40101 SET CHARACTER_SET_CLIENT=@OLD_CHARACTER_SET_CLIENT */;
/*!40101 SET CHARACTER_SET_RESULTS=@OLD_CHARACTER_SET_RESULTS */;
/*!40101 SET COLLATION_CONNECTION=@OLD_COLLATION_CONNECTION */;
/*!40111 SET SQL_NOTES=@OLD_SQL_NOTES */;

-- Dump completed on 2022-02-01 14:07:03
